influxdb,100,1,165.221
influxdb,100,10,159.743
influxdb,100,100,167.57
influxdb,100,15,184.968
influxdb,100,2,177.19
influxdb,100,20,169.784
influxdb,100,25,173.478
influxdb,100,3,175.905
influxdb,100,30,164.738
influxdb,100,35,160.721
influxdb,100,4,167.459
influxdb,100,40,173.35
influxdb,100,45,177.058
influxdb,100,5,174.63
influxdb,100,50,153.849
influxdb,100,6,190.393
influxdb,100,60,164.495
influxdb,100,7,161.292
influxdb,100,70,169.961
influxdb,100,8,159.006
influxdb,100,80,181.631
influxdb,100,9,170.973
influxdb,100,90,155.993
influxdb,10,1,7.28
influxdb,10,10,8.53
influxdb,10,100,9.72
influxdb,10,15,9.32
influxdb,10,2,8.46
influxdb,10,20,8.1
influxdb,10,25,7.92
influxdb,10,3,9.97
influxdb,10,30,9.46
influxdb,10,35,8.04
influxdb,10,4,9.45
influxdb,10,40,8.72
influxdb,10,45,7.96
influxdb,10,5,10.04
influxdb,10,50,8.88
influxdb,10,6,8.5
influxdb,10,60,8.25
influxdb,10,7,8.0
influxdb,10,70,8.2
influxdb,10,8,9.67
influxdb,10,80,12.86
influxdb,10,9,7.33
influxdb,10,90,10.58
influxdb,110,1,152.82636363636362
influxdb,110,10,107.30090909090909
influxdb,110,100,114.85727272727273
influxdb,110,15,95.35090909090908
influxdb,110,2,160.73636363636365
influxdb,110,20,111.52545454545455
influxdb,110,25,123.63727272727273
influxdb,110,3,162.74454545454546
influxdb,110,30,104.28090909090909
influxdb,110,35,115.65636363636364
influxdb,110,4,156.81636363636363
influxdb,110,40,105.69454545454545
influxdb,110,45,112.47545454545454
influxdb,110,5,154.39363636363638
influxdb,110,50,112.65363636363637
influxdb,110,6,106.83818181818182
influxdb,110,60,103.57363636363637
influxdb,110,7,98.7690909090909
influxdb,110,70,123.02454545454546
influxdb,110,8,98.59727272727272
influxdb,110,80,133.00545454545454
influxdb,110,9,106.65818181818182
influxdb,110,90,113.50545454545454
influxdb,120,1,135.94333333333333
influxdb,120,10,124.8
influxdb,120,100,126.71083333333333
influxdb,120,15,124.12333333333333
influxdb,120,2,132.2325
influxdb,120,20,129.64916666666667
influxdb,120,25,131.91166666666666
influxdb,120,3,128.35833333333332
influxdb,120,30,132.1425
influxdb,120,35,123.35416666666667
influxdb,120,4,121.71916666666667
influxdb,120,40,137.81666666666666
influxdb,120,45,123.63
influxdb,120,5,117.05916666666667
influxdb,120,50,121.86583333333333
influxdb,120,6,113.2425
influxdb,120,60,139.59666666666666
influxdb,120,7,130.0675
influxdb,120,70,151.25083333333333
influxdb,120,8,113.47583333333333
influxdb,120,80,139.76583333333335
influxdb,120,9,107.37416666666667
influxdb,120,90,165.22666666666666
influxdb,130,1,137.71615384615384
influxdb,130,10,139.50923076923078
influxdb,130,100,158.90076923076924
influxdb,130,15,137.22153846153847
influxdb,130,2,162.24153846153845
influxdb,130,20,161.29461538461538
influxdb,130,25,159.21692307692308
influxdb,130,3,129.71769230769232
influxdb,130,30,142.11
influxdb,130,35,174.53076923076924
influxdb,130,4,151.2
influxdb,130,40,147.09230769230768
influxdb,130,45,148.9523076923077
influxdb,130,5,146.54692307692306
influxdb,130,50,147.74769230769232
influxdb,130,6,184.20384615384614
influxdb,130,60,150.3146153846154
influxdb,130,7,130.09153846153845
influxdb,130,70,146.37615384615384
influxdb,130,8,131.33307692307693
influxdb,130,80,144.8453846153846
influxdb,130,9,164.9123076923077
influxdb,130,90,179.8353846153846
influxdb,140,1,162.365
influxdb,140,10,163.78285714285715
influxdb,140,100,321.90714285714284
influxdb,140,15,232.7992857142857
influxdb,140,2,177.3542857142857
influxdb,140,20,175.50642857142856
influxdb,140,25,148.22214285714287
influxdb,140,3,183.76357142857142
influxdb,140,30,190.70785714285714
influxdb,140,35,199.6692857142857
influxdb,140,4,155.66714285714286
influxdb,140,40,268.9264285714286
influxdb,140,45,291.3235714285714
influxdb,140,5,180.40428571428572
influxdb,140,50,268.54285714285714
influxdb,140,6,154.775
influxdb,140,60,252.86928571428572
influxdb,140,7,185.63785714285714
influxdb,140,70,300.8992857142857
influxdb,140,8,213.50785714285715
influxdb,140,80,308.465
influxdb,140,9,199.48214285714286
influxdb,140,90,300.7392857142857
influxdb,150,1,214.83133333333333
influxdb,150,10,265.88933333333335
influxdb,150,100,232.424
influxdb,150,15,191.53
influxdb,150,2,288.0726666666667
influxdb,150,20,226.89
influxdb,150,25,204.76533333333333
influxdb,150,3,181.62666666666667
influxdb,150,30,150.63333333333333
influxdb,150,35,158.53533333333334
influxdb,150,4,183.41533333333334
influxdb,150,40,199.63866666666667
influxdb,150,45,179.06
influxdb,150,5,229.95733333333334
influxdb,150,50,198.36733333333333
influxdb,150,6,230.88333333333333
influxdb,150,60,227.33666666666667
influxdb,150,7,212.70866666666666
influxdb,150,70,225.95666666666668
influxdb,150,8,177.45733333333334
influxdb,150,80,235.42466666666667
influxdb,150,9,222.912
influxdb,150,90,298.482
influxdb,15,1,8.38
influxdb,15,10,8.166666666666666
influxdb,15,100,10.52
influxdb,15,15,8.126666666666667
influxdb,15,2,8.46
influxdb,15,20,9.48
influxdb,15,25,8.353333333333333
influxdb,15,3,7.886666666666667
influxdb,15,30,7.94
influxdb,15,35,9.48
influxdb,15,4,9.946666666666667
influxdb,15,40,8.153333333333334
influxdb,15,45,9.8
influxdb,15,5,7.366666666666666
influxdb,15,50,8.566666666666666
influxdb,15,6,7.4
influxdb,15,60,10.006666666666666
influxdb,15,7,8.9
influxdb,15,70,11.993333333333334
influxdb,15,8,7.473333333333334
influxdb,15,80,12.12
influxdb,15,9,10.266666666666667
influxdb,15,90,10.333333333333334
influxdb,160,1,211.09
influxdb,160,10,131.306875
influxdb,160,100,210.7475
influxdb,160,15,199.85375
influxdb,160,2,188.766875
influxdb,160,20,146.124375
influxdb,160,25,208.564375
influxdb,160,3,145.653125
influxdb,160,30,222.434375
influxdb,160,35,184.88875
influxdb,160,4,167.058125
influxdb,160,40,165.978125
influxdb,160,45,196.805
influxdb,160,5,164.684375
influxdb,160,50,176.495625
influxdb,160,6,211.246875
influxdb,160,60,156.073125
influxdb,160,7,223.080625
influxdb,160,70,272.07375
influxdb,160,8,121.059375
influxdb,160,80,241.921875
influxdb,160,9,213.679375
influxdb,160,90,181.214375
influxdb,1,1,23.083333333333332
influxdb,1,10,5.7
influxdb,1,100,6.3
influxdb,1,15,5.9
influxdb,1,2,6.0
influxdb,1,20,6.1
influxdb,1,25,6.6
influxdb,1,3,6.1
influxdb,1,30,6.2
influxdb,1,35,6.1
influxdb,1,4,5.9
influxdb,1,40,5.9
influxdb,1,45,6.4
influxdb,1,5,6.4
influxdb,1,50,6.2
influxdb,1,6,5.7
influxdb,1,60,6.6
influxdb,1,7,6.8
influxdb,1,70,6.1
influxdb,1,8,6.2
influxdb,1,80,6.5
influxdb,1,9,5.9
influxdb,1,90,6.8
influxdb,20,1,11.49
influxdb,20,10,12.17
influxdb,20,100,14.825
influxdb,20,15,11.85
influxdb,20,2,12.655
influxdb,20,20,11.37
influxdb,20,25,14.465
influxdb,20,3,11.18
influxdb,20,30,11.95
influxdb,20,35,13.76
influxdb,20,4,12.22
influxdb,20,40,12.81
influxdb,20,45,10.675
influxdb,20,5,11.555
influxdb,20,50,12.99
influxdb,20,6,10.365
influxdb,20,60,17.475
influxdb,20,7,11.1
influxdb,20,70,12.025
influxdb,20,8,13.53
influxdb,20,80,14.75
influxdb,20,9,14.665
influxdb,20,90,17.725
influxdb,25,1,17.476
influxdb,25,10,16.948
influxdb,25,100,19.884
influxdb,25,15,17.28
influxdb,25,2,15.736
influxdb,25,20,16.612
influxdb,25,25,21.412
influxdb,25,3,15.424
influxdb,25,30,17.892
influxdb,25,35,16.212
influxdb,25,4,16.268
influxdb,25,40,18.308
influxdb,25,45,18.704
influxdb,25,5,16.512
influxdb,25,50,19.124
influxdb,25,6,16.192
influxdb,25,60,20.772
influxdb,25,7,15.6
influxdb,25,70,18.388
influxdb,25,8,14.108
influxdb,25,80,16.26
influxdb,25,9,16.268
influxdb,25,90,14.148
influxdb,2,1,7.3
influxdb,2,10,6.9
influxdb,2,100,7.05
influxdb,2,15,6.85
influxdb,2,2,6.75
influxdb,2,20,6.9
influxdb,2,25,7.05
influxdb,2,3,6.6
influxdb,2,30,7.05
influxdb,2,35,7.1
influxdb,2,4,6.9
influxdb,2,40,6.8
influxdb,2,45,7.55
influxdb,2,5,6.7
influxdb,2,50,7.4
influxdb,2,6,6.7
influxdb,2,60,6.85
influxdb,2,7,6.75
influxdb,2,70,6.95
influxdb,2,8,6.8
influxdb,2,80,7.05
influxdb,2,9,7.15
influxdb,2,90,7.45
influxdb,30,1,21.703333333333333
influxdb,30,10,22.263333333333332
influxdb,30,100,38.28333333333333
influxdb,30,15,22.52
influxdb,30,2,20.933333333333334
influxdb,30,20,21.656666666666666
influxdb,30,25,21.546666666666667
influxdb,30,3,21.05666666666667
influxdb,30,30,24.356666666666666
influxdb,30,35,24.5
influxdb,30,4,21.39
influxdb,30,40,26.52
influxdb,30,45,23.296666666666667
influxdb,30,5,22.036666666666665
influxdb,30,50,20.266666666666666
influxdb,30,6,23.973333333333333
influxdb,30,60,24.25
influxdb,30,7,21.01
influxdb,30,70,35.72666666666667
influxdb,30,8,22.6
influxdb,30,80,39.9
influxdb,30,9,21.55666666666667
influxdb,30,90,38.39666666666667
influxdb,35,1,44.18571428571428
influxdb,35,10,59.78285714285714
influxdb,35,100,49.64
influxdb,35,15,65.25714285714285
influxdb,35,2,49.43142857142857
influxdb,35,20,63.20857142857143
influxdb,35,25,59.16
influxdb,35,3,47.97714285714286
influxdb,35,30,61.69714285714286
influxdb,35,35,63.60857142857143
influxdb,35,4,59.871428571428574
influxdb,35,40,61.02
influxdb,35,45,61.151428571428575
influxdb,35,5,60.24285714285714
influxdb,35,50,66.86
influxdb,35,6,57.597142857142856
influxdb,35,60,64.26857142857143
influxdb,35,7,54.294285714285714
influxdb,35,70,60.44285714285714
influxdb,35,8,56.92285714285714
influxdb,35,80,58.857142857142854
influxdb,35,9,58.70857142857143
influxdb,35,90,62.89714285714286
influxdb,3,1,7.666666666666667
influxdb,3,10,7.733333333333333
influxdb,3,100,7.833333333333333
influxdb,3,15,7.3
influxdb,3,2,7.566666666666666
influxdb,3,20,7.666666666666667
influxdb,3,25,7.566666666666666
influxdb,3,3,8.533333333333333
influxdb,3,30,6.933333333333334
influxdb,3,35,7.1
influxdb,3,4,8.466666666666667
influxdb,3,40,8.133333333333333
influxdb,3,45,7.333333333333333
influxdb,3,5,7.4
influxdb,3,50,7.266666666666667
influxdb,3,6,7.233333333333333
influxdb,3,60,7.533333333333333
influxdb,3,7,8.666666666666666
influxdb,3,70,7.566666666666666
influxdb,3,8,8.6
influxdb,3,80,8.1
influxdb,3,9,7.566666666666666
influxdb,3,90,7.566666666666666
influxdb,40,1,71.8025
influxdb,40,10,64.245
influxdb,40,100,55.02
influxdb,40,15,70.3275
influxdb,40,2,71.855
influxdb,40,20,67.8125
influxdb,40,25,70.0
influxdb,40,3,72.575
influxdb,40,30,66.3425
influxdb,40,35,80.14
influxdb,40,4,74.53
influxdb,40,40,65.0375
influxdb,40,45,65.965
influxdb,40,5,77.25
influxdb,40,50,71.6175
influxdb,40,6,69.29
influxdb,40,60,69.24
influxdb,40,7,75.8825
influxdb,40,70,61.34
influxdb,40,8,74.3325
influxdb,40,80,62.31
influxdb,40,9,71.2325
influxdb,40,90,55.79
influxdb,45,1,79.67777777777778
influxdb,45,10,79.15777777777778
influxdb,45,100,77.45111111111112
influxdb,45,15,76.07333333333334
influxdb,45,2,73.84444444444445
influxdb,45,20,73.36444444444444
influxdb,45,25,78.38666666666667
influxdb,45,3,73.73555555555555
influxdb,45,30,81.96
influxdb,45,35,78.24666666666667
influxdb,45,4,76.47777777777777
influxdb,45,40,78.19555555555556
influxdb,45,45,72.57111111111111
influxdb,45,5,73.81555555555556
influxdb,45,50,71.50444444444445
influxdb,45,6,76.46
influxdb,45,60,72.01777777777778
influxdb,45,7,74.80222222222223
influxdb,45,70,75.83777777777777
influxdb,45,8,81.89333333333333
influxdb,45,80,68.17333333333333
influxdb,45,9,74.39333333333333
influxdb,45,90,65.44666666666667
influxdb,4,1,7.15
influxdb,4,10,7.425
influxdb,4,100,8.225
influxdb,4,15,7.1
influxdb,4,2,7.275
influxdb,4,20,8.875
influxdb,4,25,8.425
influxdb,4,3,7.625
influxdb,4,30,7.75
influxdb,4,35,7.2
influxdb,4,4,7.425
influxdb,4,40,6.775
influxdb,4,45,7.4
influxdb,4,5,7.65
influxdb,4,50,7.85
influxdb,4,6,7.375
influxdb,4,60,7.225
influxdb,4,7,6.9
influxdb,4,70,6.85
influxdb,4,8,7.675
influxdb,4,80,7.425
influxdb,4,9,7.775
influxdb,4,90,7.95
influxdb,50,1,80.872
influxdb,50,10,83.892
influxdb,50,100,65.312
influxdb,50,15,84.422
influxdb,50,2,89.97
influxdb,50,20,82.02
influxdb,50,25,84.13
influxdb,50,3,95.394
influxdb,50,30,80.072
influxdb,50,35,85.716
influxdb,50,4,86.046
influxdb,50,40,79.446
influxdb,50,45,88.162
influxdb,50,5,89.558
influxdb,50,50,82.332
influxdb,50,6,82.212
influxdb,50,60,81.642
influxdb,50,7,83.048
influxdb,50,70,89.206
influxdb,50,8,91.214
influxdb,50,80,81.212
influxdb,50,9,90.27
influxdb,50,90,75.824
influxdb,5,1,7.1
influxdb,5,10,8.48
influxdb,5,100,8.64
influxdb,5,15,8.14
influxdb,5,2,7.02
influxdb,5,20,7.44
influxdb,5,25,7.9
influxdb,5,3,8.88
influxdb,5,30,7.34
influxdb,5,35,7.18
influxdb,5,4,7.26
influxdb,5,40,7.68
influxdb,5,45,7.56
influxdb,5,5,7.38
influxdb,5,50,7.86
influxdb,5,6,6.96
influxdb,5,60,7.48
influxdb,5,7,8.8
influxdb,5,70,8.56
influxdb,5,8,8.04
influxdb,5,80,8.28
influxdb,5,9,7.64
influxdb,5,90,10.0
influxdb,60,1,107.12333333333333
influxdb,60,10,98.035
influxdb,60,100,74.825
influxdb,60,15,101.62166666666667
influxdb,60,2,100.69333333333333
influxdb,60,20,103.19333333333333
influxdb,60,25,97.80833333333334
influxdb,60,3,101.56833333333333
influxdb,60,30,106.47833333333334
influxdb,60,35,109.61666666666666
influxdb,60,4,101.53
influxdb,60,40,106.67
influxdb,60,45,114.7
influxdb,60,5,96.66666666666667
influxdb,60,50,100.57666666666667
influxdb,60,6,109.375
influxdb,60,60,100.37
influxdb,60,7,108.66666666666667
influxdb,60,70,111.28
influxdb,60,8,113.68166666666667
influxdb,60,80,91.77333333333333
influxdb,60,9,102.07833333333333
influxdb,60,90,83.53666666666666
influxdb,6,1,8.566666666666666
influxdb,6,10,7.583333333333333
influxdb,6,100,9.05
influxdb,6,15,8.366666666666667
influxdb,6,2,9.183333333333334
influxdb,6,20,8.5
influxdb,6,25,8.4
influxdb,6,3,7.583333333333333
influxdb,6,30,7.15
influxdb,6,35,7.683333333333334
influxdb,6,4,7.4
influxdb,6,40,7.566666666666666
influxdb,6,45,7.933333333333334
influxdb,6,5,7.433333333333334
influxdb,6,50,9.516666666666667
influxdb,6,6,7.466666666666667
influxdb,6,60,8.0
influxdb,6,7,8.366666666666667
influxdb,6,70,9.033333333333333
influxdb,6,8,7.383333333333334
influxdb,6,80,8.333333333333334
influxdb,6,9,7.566666666666666
influxdb,6,90,10.516666666666667
influxdb,70,1,125.94
influxdb,70,10,134.41714285714286
influxdb,70,100,93.24857142857142
influxdb,70,15,123.85
influxdb,70,2,118.56714285714285
influxdb,70,20,119.01857142857143
influxdb,70,25,125.20142857142856
influxdb,70,3,117.36142857142858
influxdb,70,30,124.02
influxdb,70,35,125.53714285714285
influxdb,70,4,116.79142857142857
influxdb,70,40,120.22428571428571
influxdb,70,45,116.74428571428571
influxdb,70,5,124.91571428571429
influxdb,70,50,110.17714285714285
influxdb,70,6,121.33
influxdb,70,60,102.37571428571428
influxdb,70,7,122.59142857142857
influxdb,70,70,99.02571428571429
influxdb,70,8,126.08857142857143
influxdb,70,80,119.61285714285714
influxdb,70,9,122.04142857142857
influxdb,70,90,113.16142857142857
influxdb,7,1,7.128571428571429
influxdb,7,10,7.514285714285714
influxdb,7,100,10.385714285714286
influxdb,7,15,8.4
influxdb,7,2,7.671428571428572
influxdb,7,20,9.142857142857142
influxdb,7,25,8.442857142857143
influxdb,7,3,7.1571428571428575
influxdb,7,30,7.271428571428571
influxdb,7,35,6.871428571428571
influxdb,7,4,8.8
influxdb,7,40,8.385714285714286
influxdb,7,45,8.514285714285714
influxdb,7,5,7.228571428571429
influxdb,7,50,8.085714285714285
influxdb,7,6,7.5
influxdb,7,60,8.214285714285714
influxdb,7,7,7.571428571428571
influxdb,7,70,9.514285714285714
influxdb,7,8,7.0285714285714285
influxdb,7,80,8.285714285714286
influxdb,7,9,7.771428571428571
influxdb,7,90,7.9714285714285715
influxdb,80,1,133.815
influxdb,80,10,135.73375
influxdb,80,100,126.485
influxdb,80,15,137.51125
influxdb,80,2,131.60375
influxdb,80,20,132.76625
influxdb,80,25,138.47
influxdb,80,3,129.8075
influxdb,80,30,130.81125
influxdb,80,35,130.24625
influxdb,80,4,133.37875
influxdb,80,40,133.4625
influxdb,80,45,138.91375
influxdb,80,5,128.255
influxdb,80,50,132.8325
influxdb,80,6,130.2325
influxdb,80,60,138.71
influxdb,80,7,135.36625
influxdb,80,70,120.30625
influxdb,80,8,133.00125
influxdb,80,80,110.36875
influxdb,80,9,117.405
influxdb,80,90,129.6375
influxdb,8,1,7.275
influxdb,8,10,8.0
influxdb,8,100,9.7375
influxdb,8,15,7.675
influxdb,8,2,7.6
influxdb,8,20,7.85
influxdb,8,25,8.1125
influxdb,8,3,8.075
influxdb,8,30,7.7
influxdb,8,35,9.225
influxdb,8,4,7.375
influxdb,8,40,9.0875
influxdb,8,45,9.875
influxdb,8,5,8.0375
influxdb,8,50,7.95
influxdb,8,6,8.0375
influxdb,8,60,8.7
influxdb,8,7,7.8
influxdb,8,70,10.1125
influxdb,8,8,7.3875
influxdb,8,80,7.6375
influxdb,8,9,7.3125
influxdb,8,90,8.2625
influxdb,90,1,144.74333333333334
influxdb,90,10,152.61333333333334
influxdb,90,100,125.03111111111112
influxdb,90,15,156.39444444444445
influxdb,90,2,146.45111111111112
influxdb,90,20,152.89444444444445
influxdb,90,25,142.09333333333333
influxdb,90,3,155.27555555555554
influxdb,90,30,146.08444444444444
influxdb,90,35,153.90666666666667
influxdb,90,4,157.22444444444446
influxdb,90,40,145.82666666666665
influxdb,90,45,140.47555555555556
influxdb,90,5,154.97555555555556
influxdb,90,50,157.33666666666667
influxdb,90,6,159.42
influxdb,90,60,148.40222222222224
influxdb,90,7,157.9177777777778
influxdb,90,70,145.79222222222222
influxdb,90,8,159.21444444444444
influxdb,90,80,138.48222222222222
influxdb,90,9,147.07555555555555
influxdb,90,90,137.4
influxdb,9,1,8.1
influxdb,9,10,7.622222222222222
influxdb,9,100,7.911111111111111
influxdb,9,15,8.077777777777778
influxdb,9,2,8.077777777777778
influxdb,9,20,7.733333333333333
influxdb,9,25,7.7444444444444445
influxdb,9,3,8.255555555555556
influxdb,9,30,7.188888888888889
influxdb,9,35,9.877777777777778
influxdb,9,4,7.877777777777778
influxdb,9,40,10.022222222222222
influxdb,9,45,9.577777777777778
influxdb,9,5,7.566666666666666
influxdb,9,50,7.311111111111111
influxdb,9,6,7.644444444444445
influxdb,9,60,8.477777777777778
influxdb,9,7,7.5777777777777775
influxdb,9,70,8.922222222222222
influxdb,9,8,7.388888888888889
influxdb,9,80,8.811111111111112
influxdb,9,9,8.755555555555556
influxdb,9,90,14.033333333333333
mongodbTs,100,1,236.895
mongodbTs,100,10,238.7
mongodbTs,100,100,115.573
mongodbTs,100,15,170.001
mongodbTs,100,2,227.375
mongodbTs,100,20,158.378
mongodbTs,100,25,154.256
mongodbTs,100,3,214.189
mongodbTs,100,30,203.689
mongodbTs,100,35,188.411
mongodbTs,100,4,212.858
mongodbTs,100,40,114.398
mongodbTs,100,45,98.709
mongodbTs,100,5,224.477
mongodbTs,100,50,112.008
mongodbTs,100,6,225.952
mongodbTs,100,60,84.678
mongodbTs,100,7,279.74
mongodbTs,100,70,77.071
mongodbTs,100,8,192.78
mongodbTs,100,80,88.246
mongodbTs,100,9,263.904
mongodbTs,100,90,95.017
mongodbTs,10,1,10.34
mongodbTs,10,10,6.03
mongodbTs,10,100,11.98
mongodbTs,10,15,7.33
mongodbTs,10,2,8.45
mongodbTs,10,20,7.22
mongodbTs,10,25,8.64
mongodbTs,10,3,6.32
mongodbTs,10,30,6.51
mongodbTs,10,35,7.8
mongodbTs,10,4,7.4
mongodbTs,10,40,8.13
mongodbTs,10,45,7.27
mongodbTs,10,5,10.46
mongodbTs,10,50,8.59
mongodbTs,10,6,11.48
mongodbTs,10,60,10.05
mongodbTs,10,7,10.43
mongodbTs,10,70,9.66
mongodbTs,10,8,5.76
mongodbTs,10,80,10.23
mongodbTs,10,9,5.54
mongodbTs,10,90,11.14
mongodbTs,110,1,253.48090909090908
mongodbTs,110,10,222.61363636363637
mongodbTs,110,100,134.05363636363637
mongodbTs,110,15,185.96272727272728
mongodbTs,110,2,228.10727272727271
mongodbTs,110,20,170.73
mongodbTs,110,25,261.85727272727274
mongodbTs,110,3,296.49
mongodbTs,110,30,144.91727272727272
mongodbTs,110,35,147.95363636363638
mongodbTs,110,4,310.0263636363636
mongodbTs,110,40,116.1790909090909
mongodbTs,110,45,99.97272727272727
mongodbTs,110,5,413.41636363636366
mongodbTs,110,50,93.75636363636363
mongodbTs,110,6,194.11272727272728
mongodbTs,110,60,252.88636363636363
mongodbTs,110,7,200.61363636363637
mongodbTs,110,70,195.60272727272726
mongodbTs,110,8,128.0809090909091
mongodbTs,110,80,113.09
mongodbTs,110,9,194.88363636363636
mongodbTs,110,90,123.36363636363636
mongodbTs,120,1,267.3625
mongodbTs,120,10,333.00166666666667
mongodbTs,120,100,139.915
mongodbTs,120,15,298.81166666666667
mongodbTs,120,2,305.26
mongodbTs,120,20,216.07
mongodbTs,120,25,193.5525
mongodbTs,120,3,260.6425
mongodbTs,120,30,185.0
mongodbTs,120,35,140.42083333333332
mongodbTs,120,4,368.855
mongodbTs,120,40,168.02916666666667
mongodbTs,120,45,154.29833333333335
mongodbTs,120,5,449.3425
mongodbTs,120,50,145.24166666666667
mongodbTs,120,6,313.115
mongodbTs,120,60,136.105
mongodbTs,120,7,402.71416666666664
mongodbTs,120,70,152.1575
mongodbTs,120,8,436.11333333333334
mongodbTs,120,80,266.7625
mongodbTs,120,9,462.44
mongodbTs,120,90,120.15666666666667
mongodbTs,130,1,434.5784615384615
mongodbTs,130,10,465.80615384615385
mongodbTs,130,100,149.90769230769232
mongodbTs,130,15,430.61692307692306
mongodbTs,130,2,401.6907692307692
mongodbTs,130,20,344.9023076923077
mongodbTs,130,25,296.8623076923077
mongodbTs,130,3,400.1115384615385
mongodbTs,130,30,285.52384615384614
mongodbTs,130,35,208.50538461538463
mongodbTs,130,4,473.6530769230769
mongodbTs,130,40,150.21076923076924
mongodbTs,130,45,126.37769230769231
mongodbTs,130,5,434.78846153846155
mongodbTs,130,50,136.06615384615384
mongodbTs,130,6,501.01846153846157
mongodbTs,130,60,291.96846153846155
mongodbTs,130,7,345.39307692307693
mongodbTs,130,70,247.30307692307693
mongodbTs,130,8,390.6
mongodbTs,130,80,122.6876923076923
mongodbTs,130,9,427.51846153846157
mongodbTs,130,90,131.22538461538463
mongodbTs,140,1,509.66
mongodbTs,140,10,563.7428571428571
mongodbTs,140,100,161.62071428571429
mongodbTs,140,15,395.575
mongodbTs,140,2,261.30285714285714
mongodbTs,140,20,371.19
mongodbTs,140,25,365.84214285714285
mongodbTs,140,3,321.98785714285714
mongodbTs,140,30,359.13428571428574
mongodbTs,140,35,222.38571428571427
mongodbTs,140,4,367.9664285714286
mongodbTs,140,40,243.37785714285715
mongodbTs,140,45,201.01642857142858
mongodbTs,140,5,628.6521428571428
mongodbTs,140,50,142.46428571428572
mongodbTs,140,6,600.2535714285714
mongodbTs,140,60,141.29785714285714
mongodbTs,140,7,372.18071428571426
mongodbTs,140,70,138.78285714285715
mongodbTs,140,8,512.6821428571428
mongodbTs,140,80,139.52
mongodbTs,140,9,516.5621428571428
mongodbTs,140,90,139.415
mongodbTs,150,1,542.148
mongodbTs,150,10,587.216
mongodbTs,150,100,148.32866666666666
mongodbTs,150,15,508.57533333333333
mongodbTs,150,2,506.4746666666667
mongodbTs,150,20,310.28933333333333
mongodbTs,150,25,418.3333333333333
mongodbTs,150,3,477.00666666666666
mongodbTs,150,30,185.90666666666667
mongodbTs,150,35,269.81933333333336
mongodbTs,150,4,432.54066666666665
mongodbTs,150,40,194.46133333333333
mongodbTs,150,45,140.82933333333332
mongodbTs,150,5,523.6046666666666
mongodbTs,150,50,121.83066666666667
mongodbTs,150,6,493.07466666666664
mongodbTs,150,60,220.57533333333333
mongodbTs,150,7,560.3306666666666
mongodbTs,150,70,367.076
mongodbTs,150,8,563.966
mongodbTs,150,80,179.67266666666666
mongodbTs,150,9,500.08133333333336
mongodbTs,150,90,183.542
mongodbTs,15,1,12.086666666666666
mongodbTs,15,10,11.493333333333334
mongodbTs,15,100,18.666666666666668
mongodbTs,15,15,14.206666666666667
mongodbTs,15,2,12.7
mongodbTs,15,20,8.42
mongodbTs,15,25,11.253333333333334
mongodbTs,15,3,13.833333333333334
mongodbTs,15,30,10.693333333333333
mongodbTs,15,35,11.073333333333334
mongodbTs,15,4,19.86
mongodbTs,15,40,10.28
mongodbTs,15,45,12.033333333333333
mongodbTs,15,5,19.28
mongodbTs,15,50,11.793333333333333
mongodbTs,15,6,17.84
mongodbTs,15,60,14.986666666666666
mongodbTs,15,7,12.12
mongodbTs,15,70,16.246666666666666
mongodbTs,15,8,10.18
mongodbTs,15,80,18.173333333333332
mongodbTs,15,9,13.06
mongodbTs,15,90,18.686666666666667
mongodbTs,160,1,475.905
mongodbTs,160,10,583.259375
mongodbTs,160,100,287.611875
mongodbTs,160,15,435.946875
mongodbTs,160,2,398.8875
mongodbTs,160,20,294.686875
mongodbTs,160,25,485.39875
mongodbTs,160,3,564.210625
mongodbTs,160,30,249.495625
mongodbTs,160,35,329.954375
mongodbTs,160,4,447.23125
mongodbTs,160,40,268.38375
mongodbTs,160,45,261.401875
mongodbTs,160,5,503.440625
mongodbTs,160,50,198.633125
mongodbTs,160,6,693.09625
mongodbTs,160,60,146.8625
mongodbTs,160,7,517.379375
mongodbTs,160,70,181.88125
mongodbTs,160,8,191.586875
mongodbTs,160,80,172.94
mongodbTs,160,9,814.35625
mongodbTs,160,90,165.389375
mongodbTs,1,1,12.909090909090908
mongodbTs,1,10,2.6
mongodbTs,1,100,4.7
mongodbTs,1,15,4.5
mongodbTs,1,2,3.0
mongodbTs,1,20,3.3
mongodbTs,1,25,3.4
mongodbTs,1,3,3.5
mongodbTs,1,30,3.5
mongodbTs,1,35,3.3
mongodbTs,1,4,3.9
mongodbTs,1,40,3.2
mongodbTs,1,45,3.8
mongodbTs,1,5,3.0
mongodbTs,1,50,5.2
mongodbTs,1,6,3.3
mongodbTs,1,60,3.9
mongodbTs,1,7,2.8
mongodbTs,1,70,4.2
mongodbTs,1,8,3.9
mongodbTs,1,80,4.7
mongodbTs,1,9,3.2
mongodbTs,1,90,5.0
mongodbTs,20,1,14.365
mongodbTs,20,10,13.125
mongodbTs,20,100,21.73
mongodbTs,20,15,13.5
mongodbTs,20,2,10.815
mongodbTs,20,20,18.775
mongodbTs,20,25,15.655
mongodbTs,20,3,20.81
mongodbTs,20,30,17.4
mongodbTs,20,35,28.015
mongodbTs,20,4,20.77
mongodbTs,20,40,20.515
mongodbTs,20,45,13.245
mongodbTs,20,5,22.845
mongodbTs,20,50,15.025
mongodbTs,20,6,13.295
mongodbTs,20,60,15.085
mongodbTs,20,7,18.755
mongodbTs,20,70,16.41
mongodbTs,20,8,14.595
mongodbTs,20,80,20.18
mongodbTs,20,9,20.475
mongodbTs,20,90,19.355
mongodbTs,25,1,26.752
mongodbTs,25,10,34.964
mongodbTs,25,100,33.828
mongodbTs,25,15,35.98
mongodbTs,25,2,25.784
mongodbTs,25,20,18.132
mongodbTs,25,25,23.7
mongodbTs,25,3,38.344
mongodbTs,25,30,28.74
mongodbTs,25,35,18.416
mongodbTs,25,4,42.576
mongodbTs,25,40,25.196
mongodbTs,25,45,22.372
mongodbTs,25,5,23.088
mongodbTs,25,50,21.1
mongodbTs,25,6,48.02
mongodbTs,25,60,21.408
mongodbTs,25,7,50.616
mongodbTs,25,70,22.856
mongodbTs,25,8,57.44
mongodbTs,25,80,22.012
mongodbTs,25,9,28.556
mongodbTs,25,90,22.272
mongodbTs,2,1,6.0
mongodbTs,2,10,5.0
mongodbTs,2,100,6.7
mongodbTs,2,15,3.25
mongodbTs,2,2,3.5
mongodbTs,2,20,3.65
mongodbTs,2,25,3.35
mongodbTs,2,3,4.5
mongodbTs,2,30,3.9
mongodbTs,2,35,4.2
mongodbTs,2,4,3.6
mongodbTs,2,40,3.75
mongodbTs,2,45,5.85
mongodbTs,2,5,3.3
mongodbTs,2,50,4.4
mongodbTs,2,6,3.95
mongodbTs,2,60,6.75
mongodbTs,2,7,3.85
mongodbTs,2,70,4.85
mongodbTs,2,8,3.6
mongodbTs,2,80,5.75
mongodbTs,2,9,6.6
mongodbTs,2,90,4.85
mongodbTs,30,1,59.333333333333336
mongodbTs,30,10,40.08
mongodbTs,30,100,31.16
mongodbTs,30,15,27.313333333333333
mongodbTs,30,2,34.45333333333333
mongodbTs,30,20,28.64
mongodbTs,30,25,31.77
mongodbTs,30,3,27.413333333333334
mongodbTs,30,30,24.906666666666666
mongodbTs,30,35,22.75
mongodbTs,30,4,48.983333333333334
mongodbTs,30,40,28.843333333333334
mongodbTs,30,45,41.93
mongodbTs,30,5,26.983333333333334
mongodbTs,30,50,38.08
mongodbTs,30,6,38.056666666666665
mongodbTs,30,60,27.403333333333332
mongodbTs,30,7,24.94333333333333
mongodbTs,30,70,25.3
mongodbTs,30,8,40.196666666666665
mongodbTs,30,80,26.17
mongodbTs,30,9,30.993333333333332
mongodbTs,30,90,29.74
mongodbTs,35,1,34.651428571428575
mongodbTs,35,10,81.62571428571428
mongodbTs,35,100,37.22571428571428
mongodbTs,35,15,43.35142857142857
mongodbTs,35,2,49.77142857142857
mongodbTs,35,20,38.677142857142854
mongodbTs,35,25,31.51142857142857
mongodbTs,35,3,26.068571428571428
mongodbTs,35,30,41.62
mongodbTs,35,35,42.082857142857144
mongodbTs,35,4,31.52
mongodbTs,35,40,32.19714285714286
mongodbTs,35,45,23.84
mongodbTs,35,5,39.70285714285714
mongodbTs,35,50,32.08
mongodbTs,35,6,48.857142857142854
mongodbTs,35,60,32.32
mongodbTs,35,7,48.997142857142855
mongodbTs,35,70,26.997142857142858
mongodbTs,35,8,90.87714285714286
mongodbTs,35,80,29.97714285714286
mongodbTs,35,9,42.02285714285714
mongodbTs,35,90,34.26857142857143
mongodbTs,3,1,5.133333333333334
mongodbTs,3,10,3.533333333333333
mongodbTs,3,100,6.3
mongodbTs,3,15,5.133333333333334
mongodbTs,3,2,3.7
mongodbTs,3,20,8.233333333333333
mongodbTs,3,25,5.133333333333334
mongodbTs,3,3,4.4
mongodbTs,3,30,6.433333333333334
mongodbTs,3,35,3.966666666666667
mongodbTs,3,4,3.2666666666666666
mongodbTs,3,40,3.966666666666667
mongodbTs,3,45,4.133333333333334
mongodbTs,3,5,4.533333333333333
mongodbTs,3,50,5.233333333333333
mongodbTs,3,6,4.433333333333334
mongodbTs,3,60,4.733333333333333
mongodbTs,3,7,3.7666666666666666
mongodbTs,3,70,6.033333333333333
mongodbTs,3,8,3.8
mongodbTs,3,80,5.533333333333333
mongodbTs,3,9,3.5
mongodbTs,3,90,5.433333333333334
mongodbTs,40,1,34.14
mongodbTs,40,10,59.34
mongodbTs,40,100,38.9475
mongodbTs,40,15,47.0275
mongodbTs,40,2,53.22
mongodbTs,40,20,68.2075
mongodbTs,40,25,29.015
mongodbTs,40,3,27.2275
mongodbTs,40,30,31.085
mongodbTs,40,35,44.2525
mongodbTs,40,4,53.905
mongodbTs,40,40,25.2325
mongodbTs,40,45,30.9175
mongodbTs,40,5,62.2475
mongodbTs,40,50,40.27
mongodbTs,40,6,57.2525
mongodbTs,40,60,32.08
mongodbTs,40,7,46.965
mongodbTs,40,70,32.445
mongodbTs,40,8,59.51
mongodbTs,40,80,35.72
mongodbTs,40,9,40.1575
mongodbTs,40,90,46.9625
mongodbTs,45,1,75.53333333333333
mongodbTs,45,10,50.98444444444444
mongodbTs,45,100,67.35777777777778
mongodbTs,45,15,60.33111111111111
mongodbTs,45,2,71.55555555555556
mongodbTs,45,20,55.76444444444444
mongodbTs,45,25,50.291111111111114
mongodbTs,45,3,41.99333333333333
mongodbTs,45,30,41.45777777777778
mongodbTs,45,35,42.028888888888886
mongodbTs,45,4,63.35777777777778
mongodbTs,45,40,49.595555555555556
mongodbTs,45,45,42.77777777777778
mongodbTs,45,5,67.5
mongodbTs,45,50,34.28888888888889
mongodbTs,45,6,46.34888888888889
mongodbTs,45,60,38.00222222222222
mongodbTs,45,7,95.68888888888888
mongodbTs,45,70,43.82666666666667
mongodbTs,45,8,95.75111111111111
mongodbTs,45,80,51.397777777777776
mongodbTs,45,9,101.92
mongodbTs,45,90,55.464444444444446
mongodbTs,4,1,6.925
mongodbTs,4,10,3.3
mongodbTs,4,100,6.425
mongodbTs,4,15,3.975
mongodbTs,4,2,4.95
mongodbTs,4,20,3.575
mongodbTs,4,25,3.7
mongodbTs,4,3,5.0
mongodbTs,4,30,4.975
mongodbTs,4,35,5.9
mongodbTs,4,4,5.7
mongodbTs,4,40,6.425
mongodbTs,4,45,4.625
mongodbTs,4,5,5.775
mongodbTs,4,50,3.825
mongodbTs,4,6,6.5
mongodbTs,4,60,4.275
mongodbTs,4,7,5.4
mongodbTs,4,70,4.975
mongodbTs,4,8,4.5
mongodbTs,4,80,5.375
mongodbTs,4,9,3.3
mongodbTs,4,90,5.975
mongodbTs,50,1,124.618
mongodbTs,50,10,81.464
mongodbTs,50,100,50.374
mongodbTs,50,15,70.076
mongodbTs,50,2,96.24
mongodbTs,50,20,54.98
mongodbTs,50,25,49.67
mongodbTs,50,3,69.528
mongodbTs,50,30,40.144
mongodbTs,50,35,50.246
mongodbTs,50,4,58.596
mongodbTs,50,40,44.93
mongodbTs,50,45,40.29
mongodbTs,50,5,45.354
mongodbTs,50,50,48.056
mongodbTs,50,6,79.206
mongodbTs,50,60,42.486
mongodbTs,50,7,75.366
mongodbTs,50,70,52.952
mongodbTs,50,8,86.786
mongodbTs,50,80,47.182
mongodbTs,50,9,101.326
mongodbTs,50,90,46.502
mongodbTs,5,1,6.8
mongodbTs,5,10,4.08
mongodbTs,5,100,7.26
mongodbTs,5,15,4.68
mongodbTs,5,2,4.96
mongodbTs,5,20,5.22
mongodbTs,5,25,7.36
mongodbTs,5,3,5.16
mongodbTs,5,30,6.78
mongodbTs,5,35,7.08
mongodbTs,5,4,2.74
mongodbTs,5,40,5.22
mongodbTs,5,45,5.36
mongodbTs,5,5,3.46
mongodbTs,5,50,6.38
mongodbTs,5,6,3.12
mongodbTs,5,60,7.3
mongodbTs,5,7,4.2
mongodbTs,5,70,6.3
mongodbTs,5,8,4.12
mongodbTs,5,80,8.46
mongodbTs,5,9,3.2
mongodbTs,5,90,7.84
mongodbTs,60,1,74.565
mongodbTs,60,10,105.17166666666667
mongodbTs,60,100,61.986666666666665
mongodbTs,60,15,90.98333333333333
mongodbTs,60,2,82.31833333333333
mongodbTs,60,20,75.19166666666666
mongodbTs,60,25,54.715
mongodbTs,60,3,65.74166666666666
mongodbTs,60,30,51.126666666666665
mongodbTs,60,35,66.75666666666666
mongodbTs,60,4,68.87
mongodbTs,60,40,62.82833333333333
mongodbTs,60,45,98.38166666666666
mongodbTs,60,5,85.49
mongodbTs,60,50,107.59666666666666
mongodbTs,60,6,90.04333333333334
mongodbTs,60,60,68.51333333333334
mongodbTs,60,7,65.16833333333334
mongodbTs,60,70,52.16166666666667
mongodbTs,60,8,139.81833333333333
mongodbTs,60,80,52.20333333333333
mongodbTs,60,9,110.61833333333334
mongodbTs,60,90,59.76166666666666
mongodbTs,6,1,7.016666666666667
mongodbTs,6,10,4.016666666666667
mongodbTs,6,100,8.15
mongodbTs,6,15,5.35
mongodbTs,6,2,6.0
mongodbTs,6,20,7.283333333333333
mongodbTs,6,25,5.9
mongodbTs,6,3,5.55
mongodbTs,6,30,7.183333333333334
mongodbTs,6,35,5.033333333333333
mongodbTs,6,4,5.9
mongodbTs,6,40,6.983333333333333
mongodbTs,6,45,6.616666666666666
mongodbTs,6,5,4.366666666666666
mongodbTs,6,50,7.15
mongodbTs,6,6,4.683333333333334
mongodbTs,6,60,6.85
mongodbTs,6,7,4.216666666666667
mongodbTs,6,70,7.35
mongodbTs,6,8,4.183333333333334
mongodbTs,6,80,6.766666666666667
mongodbTs,6,9,7.1
mongodbTs,6,90,10.016666666666667
mongodbTs,70,1,104.86285714285714
mongodbTs,70,10,116.92142857142858
mongodbTs,70,100,71.86
mongodbTs,70,15,112.06857142857143
mongodbTs,70,2,135.96
mongodbTs,70,20,53.48428571428571
mongodbTs,70,25,128.72714285714287
mongodbTs,70,3,85.79
mongodbTs,70,30,76.40571428571428
mongodbTs,70,35,68.46142857142857
mongodbTs,70,4,107.67857142857143
mongodbTs,70,40,65.71142857142857
mongodbTs,70,45,71.38142857142857
mongodbTs,70,5,116.44571428571429
mongodbTs,70,50,65.05285714285715
mongodbTs,70,6,120.84
mongodbTs,70,60,115.52857142857142
mongodbTs,70,7,163.47571428571428
mongodbTs,70,70,98.14142857142858
mongodbTs,70,8,138.6
mongodbTs,70,80,101.61142857142858
mongodbTs,70,9,134.8542857142857
mongodbTs,70,90,67.92571428571429
mongodbTs,7,1,7.728571428571429
mongodbTs,7,10,4.114285714285714
mongodbTs,7,100,11.871428571428572
mongodbTs,7,15,4.785714285714286
mongodbTs,7,2,5.6571428571428575
mongodbTs,7,20,8.457142857142857
mongodbTs,7,25,7.457142857142857
mongodbTs,7,3,6.271428571428571
mongodbTs,7,30,7.057142857142857
mongodbTs,7,35,6.428571428571429
mongodbTs,7,4,10.271428571428572
mongodbTs,7,40,6.128571428571429
mongodbTs,7,45,7.9
mongodbTs,7,5,6.614285714285714
mongodbTs,7,50,8.514285714285714
mongodbTs,7,6,7.957142857142857
mongodbTs,7,60,8.242857142857142
mongodbTs,7,7,7.457142857142857
mongodbTs,7,70,10.928571428571429
mongodbTs,7,8,5.5
mongodbTs,7,80,9.1
mongodbTs,7,9,5.1
mongodbTs,7,90,8.557142857142857
mongodbTs,80,1,146.075
mongodbTs,80,10,190.55875
mongodbTs,80,100,80.7675
mongodbTs,80,15,104.64875
mongodbTs,80,2,98.5
mongodbTs,80,20,204.0325
mongodbTs,80,25,118.25875
mongodbTs,80,3,133.67625
mongodbTs,80,30,65.72375
mongodbTs,80,35,82.88875
mongodbTs,80,4,159.25375
mongodbTs,80,40,92.545
mongodbTs,80,45,82.5425
mongodbTs,80,5,219.295
mongodbTs,80,50,94.73125
mongodbTs,80,6,139.65
mongodbTs,80,60,116.01625
mongodbTs,80,7,176.2475
mongodbTs,80,70,183.675
mongodbTs,80,8,132.6525
mongodbTs,80,80,81.1475
mongodbTs,80,9,198.49625
mongodbTs,80,90,80.86375
mongodbTs,8,1,5.7125
mongodbTs,8,10,8.975
mongodbTs,8,100,9.6625
mongodbTs,8,15,7.425
mongodbTs,8,2,6.1125
mongodbTs,8,20,5.5125
mongodbTs,8,25,6.3
mongodbTs,8,3,4.475
mongodbTs,8,30,6.275
mongodbTs,8,35,6.9375
mongodbTs,8,4,6.0625
mongodbTs,8,40,5.9875
mongodbTs,8,45,6.6375
mongodbTs,8,5,5.5
mongodbTs,8,50,7.9875
mongodbTs,8,6,11.5875
mongodbTs,8,60,7.2375
mongodbTs,8,7,7.175
mongodbTs,8,70,8.5875
mongodbTs,8,8,6.6625
mongodbTs,8,80,9.8125
mongodbTs,8,9,7.3625
mongodbTs,8,90,9.425
mongodbTs,90,1,309.06333333333333
mongodbTs,90,10,208.04777777777778
mongodbTs,90,100,90.00666666666666
mongodbTs,90,15,177.1988888888889
mongodbTs,90,2,156.56222222222223
mongodbTs,90,20,91.96444444444444
mongodbTs,90,25,139.67333333333335
mongodbTs,90,3,197.4388888888889
mongodbTs,90,30,158.03444444444443
mongodbTs,90,35,131.01777777777778
mongodbTs,90,4,186.11
mongodbTs,90,40,93.29666666666667
mongodbTs,90,45,122.69777777777777
mongodbTs,90,5,149.81555555555556
mongodbTs,90,50,135.0088888888889
mongodbTs,90,6,260.16555555555556
mongodbTs,90,60,85.14555555555556
mongodbTs,90,7,180.67444444444445
mongodbTs,90,70,77.44333333333333
mongodbTs,90,8,118.73
mongodbTs,90,80,86.87777777777778
mongodbTs,90,9,192.9411111111111
mongodbTs,90,90,86.24888888888889
mongodbTs,9,1,5.477777777777778
mongodbTs,9,10,4.311111111111111
mongodbTs,9,100,10.544444444444444
mongodbTs,9,15,5.988888888888889
mongodbTs,9,2,6.988888888888889
mongodbTs,9,20,7.044444444444444
mongodbTs,9,25,6.8
mongodbTs,9,3,5.877777777777778
mongodbTs,9,30,6.466666666666667
mongodbTs,9,35,6.588888888888889
mongodbTs,9,4,6.966666666666667
mongodbTs,9,40,9.044444444444444
mongodbTs,9,45,7.022222222222222
mongodbTs,9,5,6.344444444444444
mongodbTs,9,50,7.022222222222222
mongodbTs,9,6,8.11111111111111
mongodbTs,9,60,7.622222222222222
mongodbTs,9,7,8.122222222222222
mongodbTs,9,70,7.977777777777778
mongodbTs,9,8,7.133333333333334
mongodbTs,9,80,9.588888888888889
mongodbTs,9,9,7.533333333333333
mongodbTs,9,90,9.577777777777778
mongodb,100,1,24.261
mongodb,100,10,24.183
mongodb,100,100,86.987
mongodb,100,15,31.374
mongodb,100,2,21.602
mongodb,100,20,31.065
mongodb,100,25,36.431
mongodb,100,3,20.492
mongodb,100,30,39.179
mongodb,100,35,38.485
mongodb,100,4,25.156
mongodb,100,40,37.553
mongodb,100,45,46.945
mongodb,100,5,23.118
mongodb,100,50,38.725
mongodb,100,6,27.529
mongodb,100,60,42.896
mongodb,100,7,23.333
mongodb,100,70,49.848
mongodb,100,8,25.064
mongodb,100,80,60.035
mongodb,100,9,24.951
mongodb,100,90,75.502
mongodb,10,1,1.79
mongodb,10,10,2.64
mongodb,10,100,9.42
mongodb,10,15,2.47
mongodb,10,2,2.36
mongodb,10,20,4.41
mongodb,10,25,4.36
mongodb,10,3,2.85
mongodb,10,30,4.91
mongodb,10,35,4.25
mongodb,10,4,3.3
mongodb,10,40,6.58
mongodb,10,45,5.47
mongodb,10,5,2.05
mongodb,10,50,6.24
mongodb,10,6,2.28
mongodb,10,60,7.69
mongodb,10,7,2.91
mongodb,10,70,7.46
mongodb,10,8,2.46
mongodb,10,80,7.94
mongodb,10,9,2.29
mongodb,10,90,9.18
mongodb,110,1,21.582727272727272
mongodb,110,10,28.56
mongodb,110,100,98.37818181818182
mongodb,110,15,33.72090909090909
mongodb,110,2,22.82090909090909
mongodb,110,20,38.32636363636364
mongodb,110,25,58.482727272727274
mongodb,110,3,27.10272727272727
mongodb,110,30,35.29090909090909
mongodb,110,35,54.942727272727275
mongodb,110,4,33.07
mongodb,110,40,45.39181818181818
mongodb,110,45,54.71636363636364
mongodb,110,5,26.493636363636362
mongodb,110,50,61.800909090909094
mongodb,110,6,35.097272727272724
mongodb,110,60,63.47909090909091
mongodb,110,7,25.886363636363637
mongodb,110,70,75.78818181818181
mongodb,110,8,35.198181818181816
mongodb,110,80,61.25454545454546
mongodb,110,9,35.17636363636364
mongodb,110,90,72.06272727272727
mongodb,120,1,37.18833333333333
mongodb,120,10,38.83583333333333
mongodb,120,100,85.41833333333334
mongodb,120,15,36.2375
mongodb,120,2,42.86416666666667
mongodb,120,20,47.1775
mongodb,120,25,53.193333333333335
mongodb,120,3,32.56333333333333
mongodb,120,30,59.93833333333333
mongodb,120,35,49.299166666666665
mongodb,120,4,34.66
mongodb,120,40,65.0375
mongodb,120,45,55.635
mongodb,120,5,28.969166666666666
mongodb,120,50,70.49583333333334
mongodb,120,6,39.77333333333333
mongodb,120,60,64.625
mongodb,120,7,36.781666666666666
mongodb,120,70,93.4375
mongodb,120,8,35.9
mongodb,120,80,85.83916666666667
mongodb,120,9,29.314166666666665
mongodb,120,90,100.42333333333333
mongodb,130,1,38.35
mongodb,130,10,44.52230769230769
mongodb,130,100,97.64307692307692
mongodb,130,15,42.04615384615385
mongodb,130,2,35.98538461538462
mongodb,130,20,67.28769230769231
mongodb,130,25,56.12384615384615
mongodb,130,3,50.73230769230769
mongodb,130,30,55.98461538461538
mongodb,130,35,65.88384615384615
mongodb,130,4,55.83538461538461
mongodb,130,40,62.902307692307694
mongodb,130,45,64.72846153846154
mongodb,130,5,42.324615384615385
mongodb,130,50,78.70615384615385
mongodb,130,6,45.58846153846154
mongodb,130,60,77.21461538461539
mongodb,130,7,35.66230769230769
mongodb,130,70,84.88538461538461
mongodb,130,8,47.16538461538462
mongodb,130,80,96.64076923076924
mongodb,130,9,61.95
mongodb,130,90,107.77846153846154
mongodb,140,1,46.510714285714286
mongodb,140,10,167.3192857142857
mongodb,140,100,276.9664285714286
mongodb,140,15,178.38285714285715
mongodb,140,2,41.88928571428571
mongodb,140,20,132.27857142857144
mongodb,140,25,182.82285714285715
mongodb,140,3,50.754285714285714
mongodb,140,30,220.90142857142857
mongodb,140,35,209.5692857142857
mongodb,140,4,40.831428571428575
mongodb,140,40,227.62642857142856
mongodb,140,45,236.5557142857143
mongodb,140,5,161.6107142857143
mongodb,140,50,208.41571428571427
mongodb,140,6,154.77
mongodb,140,60,271.0514285714286
mongodb,140,7,124.06642857142857
mongodb,140,70,309.32428571428574
mongodb,140,8,124.40571428571428
mongodb,140,80,257.8178571428571
mongodb,140,9,133.885
mongodb,140,90,332.625
mongodb,150,1,140.03
mongodb,150,10,138.57866666666666
mongodb,150,100,336.5233333333333
mongodb,150,15,208.592
mongodb,150,2,137.24066666666667
mongodb,150,20,245.454
mongodb,150,25,190.03133333333332
mongodb,150,3,134.07866666666666
mongodb,150,30,140.81666666666666
mongodb,150,35,350.9893333333333
mongodb,150,4,187.70066666666668
mongodb,150,40,282.74
mongodb,150,45,206.28666666666666
mongodb,150,5,157.62733333333333
mongodb,150,50,283.69666666666666
mongodb,150,6,184.47933333333333
mongodb,150,60,203.214
mongodb,150,7,161.72
mongodb,150,70,246.70866666666666
mongodb,150,8,222.654
mongodb,150,80,301.95666666666665
mongodb,150,9,237.33866666666665
mongodb,150,90,247.08533333333332
mongodb,15,1,2.4466666666666668
mongodb,15,10,2.5533333333333332
mongodb,15,100,13.98
mongodb,15,15,4.486666666666666
mongodb,15,2,2.466666666666667
mongodb,15,20,4.266666666666667
mongodb,15,25,3.5533333333333332
mongodb,15,3,2.1066666666666665
mongodb,15,30,3.9466666666666668
mongodb,15,35,4.973333333333334
mongodb,15,4,2.16
mongodb,15,40,4.926666666666667
mongodb,15,45,5.26
mongodb,15,5,3.0
mongodb,15,50,6.546666666666667
mongodb,15,6,2.013333333333333
mongodb,15,60,7.82
mongodb,15,7,2.6866666666666665
mongodb,15,70,10.073333333333334
mongodb,15,8,2.066666666666667
mongodb,15,80,9.5
mongodb,15,9,2.3133333333333335
mongodb,15,90,10.7
mongodb,160,1,149.371875
mongodb,160,10,165.6625
mongodb,160,100,247.229375
mongodb,160,15,225.491875
mongodb,160,2,266.728125
mongodb,160,20,214.44875
mongodb,160,25,194.910625
mongodb,160,3,103.975625
mongodb,160,30,213.56375
mongodb,160,35,197.015
mongodb,160,4,193.995
mongodb,160,40,231.2875
mongodb,160,45,204.856875
mongodb,160,5,201.3675
mongodb,160,50,265.829375
mongodb,160,6,141.46
mongodb,160,60,266.655
mongodb,160,7,186.253125
mongodb,160,70,251.015
mongodb,160,8,118.25
mongodb,160,80,277.12125
mongodb,160,9,89.258125
mongodb,160,90,301.741875
mongodb,1,1,39.875
mongodb,1,10,2.0
mongodb,1,100,4.0
mongodb,1,15,2.0
mongodb,1,2,2.8
mongodb,1,20,2.5
mongodb,1,25,3.1
mongodb,1,3,2.1
mongodb,1,30,3.2
mongodb,1,35,3.0
mongodb,1,4,2.1
mongodb,1,40,2.5
mongodb,1,45,2.7
mongodb,1,5,2.6
mongodb,1,50,3.1
mongodb,1,6,2.0
mongodb,1,60,3.3
mongodb,1,7,2.5
mongodb,1,70,3.1
mongodb,1,8,3.2
mongodb,1,80,3.8
mongodb,1,9,1.9
mongodb,1,90,4.4
mongodb,20,1,2.465
mongodb,20,10,3.56
mongodb,20,100,16.77
mongodb,20,15,3.6
mongodb,20,2,2.66
mongodb,20,20,4.805
mongodb,20,25,4.845
mongodb,20,3,2.35
mongodb,20,30,5.055
mongodb,20,35,10.52
mongodb,20,4,3.45
mongodb,20,40,7.27
mongodb,20,45,6.35
mongodb,20,5,3.27
mongodb,20,50,7.825
mongodb,20,6,2.715
mongodb,20,60,11.55
mongodb,20,7,3.385
mongodb,20,70,10.48
mongodb,20,8,2.845
mongodb,20,80,12.295
mongodb,20,9,3.19
mongodb,20,90,13.805
mongodb,25,1,4.848
mongodb,25,10,5.368
mongodb,25,100,21.204
mongodb,25,15,7.316
mongodb,25,2,3.972
mongodb,25,20,5.732
mongodb,25,25,7.656
mongodb,25,3,3.776
mongodb,25,30,7.028
mongodb,25,35,7.904
mongodb,25,4,3.492
mongodb,25,40,9.612
mongodb,25,45,9.516
mongodb,25,5,5.092
mongodb,25,50,11.1
mongodb,25,6,3.824
mongodb,25,60,12.848
mongodb,25,7,3.944
mongodb,25,70,16.488
mongodb,25,8,4.232
mongodb,25,80,17.76
mongodb,25,9,5.56
mongodb,25,90,18.212
mongodb,2,1,2.05
mongodb,2,10,2.15
mongodb,2,100,4.55
mongodb,2,15,1.9
mongodb,2,2,2.45
mongodb,2,20,2.1
mongodb,2,25,3.65
mongodb,2,3,1.45
mongodb,2,30,2.6
mongodb,2,35,2.55
mongodb,2,4,1.7
mongodb,2,40,3.3
mongodb,2,45,4.8
mongodb,2,5,1.9
mongodb,2,50,4.35
mongodb,2,6,2.2
mongodb,2,60,3.1
mongodb,2,7,4.05
mongodb,2,70,5.65
mongodb,2,8,1.75
mongodb,2,80,4.9
mongodb,2,9,2.7
mongodb,2,90,4.6
mongodb,30,1,5.316666666666666
mongodb,30,10,6.223333333333334
mongodb,30,100,23.483333333333334
mongodb,30,15,6.71
mongodb,30,2,5.24
mongodb,30,20,7.233333333333333
mongodb,30,25,9.55
mongodb,30,3,5.513333333333334
mongodb,30,30,11.076666666666666
mongodb,30,35,9.623333333333333
mongodb,30,4,5.366666666666666
mongodb,30,40,9.98
mongodb,30,45,10.94
mongodb,30,5,4.48
mongodb,30,50,12.143333333333333
mongodb,30,6,5.793333333333333
mongodb,30,60,13.423333333333334
mongodb,30,7,6.676666666666667
mongodb,30,70,18.023333333333333
mongodb,30,8,8.84
mongodb,30,80,16.566666666666666
mongodb,30,9,5.28
mongodb,30,90,17.946666666666665
mongodb,35,1,6.26
mongodb,35,10,7.974285714285714
mongodb,35,100,25.02
mongodb,35,15,7.3342857142857145
mongodb,35,2,6.765714285714286
mongodb,35,20,8.442857142857143
mongodb,35,25,8.38
mongodb,35,3,6.442857142857143
mongodb,35,30,10.56
mongodb,35,35,10.991428571428571
mongodb,35,4,6.965714285714285
mongodb,35,40,13.874285714285714
mongodb,35,45,14.657142857142857
mongodb,35,5,6.8428571428571425
mongodb,35,50,14.137142857142857
mongodb,35,6,6.185714285714286
mongodb,35,60,15.314285714285715
mongodb,35,7,8.194285714285714
mongodb,35,70,16.802857142857142
mongodb,35,8,6.654285714285714
mongodb,35,80,21.414285714285715
mongodb,35,9,8.862857142857143
mongodb,35,90,23.428571428571427
mongodb,3,1,2.1
mongodb,3,10,2.1666666666666665
mongodb,3,100,7.0
mongodb,3,15,2.533333333333333
mongodb,3,2,2.433333333333333
mongodb,3,20,2.6
mongodb,3,25,2.933333333333333
mongodb,3,3,1.9333333333333333
mongodb,3,30,2.7333333333333334
mongodb,3,35,3.7
mongodb,3,4,2.8666666666666667
mongodb,3,40,3.2666666666666666
mongodb,3,45,3.7666666666666666
mongodb,3,5,2.566666666666667
mongodb,3,50,4.6
mongodb,3,6,2.7333333333333334
mongodb,3,60,5.5
mongodb,3,7,2.5
mongodb,3,70,5.3
mongodb,3,8,3.3333333333333335
mongodb,3,80,4.466666666666667
mongodb,3,9,2.2
mongodb,3,90,5.366666666666666
mongodb,40,1,9.725
mongodb,40,10,8.4
mongodb,40,100,27.7925
mongodb,40,15,8.4825
mongodb,40,2,7.935
mongodb,40,20,8.5875
mongodb,40,25,13.4375
mongodb,40,3,7.84
mongodb,40,30,10.6125
mongodb,40,35,12.3075
mongodb,40,4,10.6775
mongodb,40,40,16.8675
mongodb,40,45,14.565
mongodb,40,5,9.185
mongodb,40,50,17.8075
mongodb,40,6,6.7925
mongodb,40,60,21.525
mongodb,40,7,7.1225
mongodb,40,70,22.9725
mongodb,40,8,9.2375
mongodb,40,80,24.25
mongodb,40,9,10.0675
mongodb,40,90,24.2975
mongodb,45,1,10.322222222222223
mongodb,45,10,11.564444444444444
mongodb,45,100,34.89333333333333
mongodb,45,15,10.044444444444444
mongodb,45,2,10.571111111111112
mongodb,45,20,9.58
mongodb,45,25,12.077777777777778
mongodb,45,3,8.557777777777778
mongodb,45,30,12.846666666666666
mongodb,45,35,13.613333333333333
mongodb,45,4,9.684444444444445
mongodb,45,40,15.351111111111111
mongodb,45,45,17.057777777777776
mongodb,45,5,8.231111111111112
mongodb,45,50,17.00888888888889
mongodb,45,6,10.075555555555555
mongodb,45,60,16.788888888888888
mongodb,45,7,9.37111111111111
mongodb,45,70,22.973333333333333
mongodb,45,8,9.733333333333333
mongodb,45,80,25.864444444444445
mongodb,45,9,10.537777777777778
mongodb,45,90,26.42
mongodb,4,1,1.675
mongodb,4,10,1.85
mongodb,4,100,7.025
mongodb,4,15,2.725
mongodb,4,2,2.55
mongodb,4,20,3.5
mongodb,4,25,3.05
mongodb,4,3,1.75
mongodb,4,30,2.9
mongodb,4,35,3.125
mongodb,4,4,2.125
mongodb,4,40,3.35
mongodb,4,45,3.825
mongodb,4,5,2.55
mongodb,4,50,4.1
mongodb,4,6,1.925
mongodb,4,60,4.425
mongodb,4,7,2.15
mongodb,4,70,5.4
mongodb,4,8,2.05
mongodb,4,80,5.475
mongodb,4,9,3.15
mongodb,4,90,5.9
mongodb,50,1,11.306
mongodb,50,10,9.77
mongodb,50,100,32.348
mongodb,50,15,11.444
mongodb,50,2,13.286
mongodb,50,20,11.038
mongodb,50,25,16.226
mongodb,50,3,15.152
mongodb,50,30,15.63
mongodb,50,35,16.648
mongodb,50,4,10.462
mongodb,50,40,15.262
mongodb,50,45,19.602
mongodb,50,5,10.41
mongodb,50,50,19.096
mongodb,50,6,10.026
mongodb,50,60,20.5
mongodb,50,7,9.232
mongodb,50,70,29.216
mongodb,50,8,9.136
mongodb,50,80,26.326
mongodb,50,9,10.746
mongodb,50,90,31.666
mongodb,5,1,1.98
mongodb,5,10,2.18
mongodb,5,100,8.6
mongodb,5,15,3.24
mongodb,5,2,2.28
mongodb,5,20,3.04
mongodb,5,25,3.08
mongodb,5,3,2.0
mongodb,5,30,3.28
mongodb,5,35,3.82
mongodb,5,4,2.2
mongodb,5,40,3.84
mongodb,5,45,3.86
mongodb,5,5,1.92
mongodb,5,50,4.36
mongodb,5,6,2.02
mongodb,5,60,4.36
mongodb,5,7,1.94
mongodb,5,70,5.34
mongodb,5,8,2.2
mongodb,5,80,7.04
mongodb,5,9,2.28
mongodb,5,90,6.62
mongodb,60,1,12.765
mongodb,60,10,20.873333333333335
mongodb,60,100,41.91
mongodb,60,15,15.245
mongodb,60,2,14.681666666666667
mongodb,60,20,15.281666666666666
mongodb,60,25,18.02
mongodb,60,3,13.338333333333333
mongodb,60,30,18.188333333333333
mongodb,60,35,18.27166666666667
mongodb,60,4,11.715
mongodb,60,40,19.388333333333332
mongodb,60,45,24.096666666666668
mongodb,60,5,16.666666666666668
mongodb,60,50,25.678333333333335
mongodb,60,6,15.75
mongodb,60,60,32.07833333333333
mongodb,60,7,14.785
mongodb,60,70,34.705
mongodb,60,8,12.261666666666667
mongodb,60,80,35.931666666666665
mongodb,60,9,15.273333333333333
mongodb,60,90,35.12
mongodb,6,1,2.5833333333333335
mongodb,6,10,2.5166666666666666
mongodb,6,100,8.616666666666667
mongodb,6,15,2.7666666666666666
mongodb,6,2,2.3333333333333335
mongodb,6,20,2.3833333333333333
mongodb,6,25,4.05
mongodb,6,3,2.55
mongodb,6,30,4.1
mongodb,6,35,4.733333333333333
mongodb,6,4,2.3
mongodb,6,40,5.133333333333334
mongodb,6,45,3.8666666666666667
mongodb,6,5,2.316666666666667
mongodb,6,50,6.483333333333333
mongodb,6,6,1.9833333333333334
mongodb,6,60,4.75
mongodb,6,7,2.1666666666666665
mongodb,6,70,7.05
mongodb,6,8,1.95
mongodb,6,80,6.633333333333334
mongodb,6,9,2.65
mongodb,6,90,8.483333333333333
mongodb,70,1,16.234285714285715
mongodb,70,10,19.271428571428572
mongodb,70,100,46.417142857142856
mongodb,70,15,16.04
mongodb,70,2,16.96142857142857
mongodb,70,20,22.135714285714286
mongodb,70,25,21.658571428571427
mongodb,70,3,16.062857142857144
mongodb,70,30,23.36
mongodb,70,35,23.11
mongodb,70,4,14.867142857142857
mongodb,70,40,35.51714285714286
mongodb,70,45,28.745714285714286
mongodb,70,5,21.762857142857143
mongodb,70,50,26.195714285714285
mongodb,70,6,15.404285714285715
mongodb,70,60,25.562857142857144
mongodb,70,7,17.055714285714284
mongodb,70,70,34.988571428571426
mongodb,70,8,17.38714285714286
mongodb,70,80,39.572857142857146
mongodb,70,9,18.042857142857144
mongodb,70,90,46.17142857142857
mongodb,7,1,2.257142857142857
mongodb,7,10,2.6714285714285713
mongodb,7,100,11.228571428571428
mongodb,7,15,2.3142857142857145
mongodb,7,2,2.1285714285714286
mongodb,7,20,5.1571428571428575
mongodb,7,25,3.7142857142857144
mongodb,7,3,1.9428571428571428
mongodb,7,30,2.9
mongodb,7,35,4.242857142857143
mongodb,7,4,2.6
mongodb,7,40,4.585714285714285
mongodb,7,45,4.757142857142857
mongodb,7,5,2.414285714285714
mongodb,7,50,4.7
mongodb,7,6,2.7285714285714286
mongodb,7,60,5.385714285714286
mongodb,7,7,2.0714285714285716
mongodb,7,70,7.257142857142857
mongodb,7,8,2.1142857142857143
mongodb,7,80,7.514285714285714
mongodb,7,9,3.6142857142857143
mongodb,7,90,7.742857142857143
mongodb,80,1,19.96625
mongodb,80,10,20.31875
mongodb,80,100,57.965
mongodb,80,15,21.05375
mongodb,80,2,18.57625
mongodb,80,20,24.305
mongodb,80,25,21.8825
mongodb,80,3,19.1725
mongodb,80,30,25.965
mongodb,80,35,27.7175
mongodb,80,4,18.88125
mongodb,80,40,27.02375
mongodb,80,45,32.92
mongodb,80,5,17.04875
mongodb,80,50,35.28375
mongodb,80,6,23.34625
mongodb,80,60,49.42625
mongodb,80,7,17.8275
mongodb,80,70,44.97125
mongodb,80,8,20.6125
mongodb,80,80,52.3275
mongodb,80,9,9.95
mongodb,80,90,60.3375
mongodb,8,1,1.875
mongodb,8,10,2.975
mongodb,8,100,9.2
mongodb,8,15,2.375
mongodb,8,2,2.375
mongodb,8,20,3.375
mongodb,8,25,3.2875
mongodb,8,3,2.3125
mongodb,8,30,3.2125
mongodb,8,35,4.525
mongodb,8,4,2.0375
mongodb,8,40,4.5375
mongodb,8,45,4.9375
mongodb,8,5,2.6125
mongodb,8,50,5.1375
mongodb,8,6,2.35
mongodb,8,60,6.875
mongodb,8,7,1.825
mongodb,8,70,5.8875
mongodb,8,8,2.1875
mongodb,8,80,6.925
mongodb,8,9,2.325
mongodb,8,90,8.8375
mongodb,90,1,21.95111111111111
mongodb,90,10,27.735555555555557
mongodb,90,100,56.91222222222222
mongodb,90,15,21.86
mongodb,90,2,22.371111111111112
mongodb,90,20,26.49888888888889
mongodb,90,25,26.67
mongodb,90,3,21.244444444444444
mongodb,90,30,29.357777777777777
mongodb,90,35,33.65111111111111
mongodb,90,4,26.376666666666665
mongodb,90,40,34.15
mongodb,90,45,33.44
mongodb,90,5,20.323333333333334
mongodb,90,50,37.78333333333333
mongodb,90,6,20.47222222222222
mongodb,90,60,45.22666666666667
mongodb,90,7,19.66
mongodb,90,70,44.42777777777778
mongodb,90,8,21.20888888888889
mongodb,90,80,50.40555555555556
mongodb,90,9,23.686666666666667
mongodb,90,90,59.086666666666666
mongodb,9,1,2.7444444444444445
mongodb,9,10,2.433333333333333
mongodb,9,100,8.744444444444444
mongodb,9,15,2.2222222222222223
mongodb,9,2,2.4555555555555557
mongodb,9,20,2.7
mongodb,9,25,3.1777777777777776
mongodb,9,3,2.3222222222222224
mongodb,9,30,3.988888888888889
mongodb,9,35,4.877777777777778
mongodb,9,4,2.0444444444444443
mongodb,9,40,4.533333333333333
mongodb,9,45,5.022222222222222
mongodb,9,5,2.588888888888889
mongodb,9,50,7.0777777777777775
mongodb,9,6,1.9555555555555555
mongodb,9,60,5.666666666666667
mongodb,9,7,1.8444444444444446
mongodb,9,70,7.266666666666667
mongodb,9,8,2.6444444444444444
mongodb,9,80,6.955555555555556
mongodb,9,9,2.6666666666666665
mongodb,9,90,8.844444444444445
